organization_id,organization_name,organization_code,unique_code,state,district,category,pin_code,city,address,country,status,new_district,principal_name,principal_mobile,principal_email,created_by,created_at,updated_by,updated_at
1,"GOVERNMENT MODEL SR SEC SCHOOL ",35010300501,2a2a7978,Telangana,ADILABAD,ATL,744101,"PORT BLAIR","Aberdeen Bazar, Shadipur, Port Blair, Andaman and Nicobar Islands- 744101",India,ACTIVE,NULL,NULL,NULL,NULL,0,"0000-00-00 00:00:00",0,"0000-00-00 00:00:00"
2,"JAWAHAR NAVODAYA VIDYALAYA PANCHAWATI",35030101603,87707111,Telangana,"BHADRADRI KOTHAGUDEM",ATL,744205,"NORTH AND MIDDLE ANDAMAN","VILL-PANCHAWATI PO-RANGAT DIST-NORTH & MIDDLE ANDAMAN PIN - 744205",India,ACTIVE,NULL,NULL,NULL,NULL,0,"0000-00-00 00:00:00",0,"0000-00-00 00:00:00"
3,"UMMAT PUBLIC SCHOOL",35010101803,b5c69604,Telangana,HYDERABAD,ATL,744103,"PORT BLAIR","UMMAT PUBLIC SCHOOL AUSTINABAD BRICHGUNJ POST PORT BLAIR PIN 744103",India,ACTIVE,NULL,NULL,NULL,NULL,0,"0000-00-00 00:00:00",0,"0000-00-00 00:00:00"
4,"GOVT SECONDARY SCHOOL DAIRY FARM",35010104101,16624626,Telangana,JAGTIAL,ATL,744103,"PORT BLAIR","Dairy Farm, Port Blair, South Andaman District",India,ACTIVE,NULL,NULL,NULL,NULL,0,"0000-00-00 00:00:00",0,"0000-00-00 00:00:00"
5,"GOVT SR SEC SCHOOL HADDO TELUGU MEDIUM",35010104504,14354013,Telangana,JANGAON,ATL,744102,PORTBLAIR,"POST - HADDO PORT BLAIR PIN CODE - 744102 ANDAMAN AND NICOBAR ISLANDS",India,ACTIVE,NULL,NULL,NULL,NULL,0,"0000-00-00 00:00:00",0,"0000-00-00 00:00:00"
6,"GOVERNMENT BOYS SENIOR SECONDARY SCHOOL",35010104710,22143132,Telangana,"JAYASHANKAR BHUPALPALLY",ATL,744101,"PORT BLAIR","MIDDLE POINT PORT BLAIR SOUTH ANDAMAN ANDAMAN & NICOBAR ISLANDS",India,ACTIVE,NULL,NULL,NULL,NULL,0,"0000-00-00 00:00:00",0,"0000-00-00 00:00:00"
7,"GOVT SENIOR SECONDARY SCHOOL DIGLIPUR",35030301201,27662082,Telangana,"JOGULAMBA GADWAL",ATL,744202,DIGLIPUR,"GOVT SENIOR SECONDARY SCHOOL, DIGLIPUR NORTH ANDAMAN PIN- 744202 ANDAMAN & NICOBAR ISLANDS",India,ACTIVE,NULL,NULL,NULL,NULL,0,"0000-00-00 00:00:00",0,"0000-00-00 00:00:00"
8,"GOVT SENIOR SECONDARY SCHOOL MOHANPURA",35010104725,77592418,Telangana,KAMAREDDY,ATL,744101,"PORT BLAIR","GOVT SENIOR SECONDARY SCHOOL MOHANPURA PORT BLAIR 744101",India,ACTIVE,NULL,NULL,NULL,NULL,0,"0000-00-00 00:00:00",0,"0000-00-00 00:00:00"
9,"GOVT SENIOR SECONDARY SCHOOL HADDO",35010104503,23283143,Telangana,KARIMNAGAR,ATL,744102,"PORT BLAIR","HADDO P O WARD NO 2 PORT BLAIR ANDAMAN & NICOBAR ISLANDS PIN 744102",India,ACTIVE,NULL,NULL,NULL,NULL,0,"0000-00-00 00:00:00",0,"0000-00-00 00:00:00"
10,"GOVT SR SEC SCHOOL SCHOOL LINE",35010104001,19496812,Telangana,KHAMMAM,ATL,744103,"PORT BLAIR","School Line",India,ACTIVE,NULL,NULL,NULL,NULL,0,"0000-00-00 00:00:00",0,"0000-00-00 00:00:00"
11,"ASHRAM PUBLIC SCHOOL",28142495538,6dba10780,Telangana,"KOMARAM BHEEM ASIFABAD",ATL,533003,KAKINADA,"Opp. Boat Club, Nagamalli Thota, Kakinada,Andhra Pradesh - 533003",India,ACTIVE,NULL,NULL,NULL,NULL,0,"0000-00-00 00:00:00",0,"0000-00-00 00:00:00"
12,"APSWR JUNIOR COLLEGE FOR GIRLS",28133501407,d6d73361,Telangana,MAHABUBABAD,ATL,531031,VISHAKHAPATNAM,"Tallapalem,Village, Near Nh 5, Kasimkota Mandalam, Visakhapatnam, Andhra Pradesh-531031",India,ACTIVE,NULL,NULL,NULL,NULL,0,"0000-00-00 00:00:00",0,"0000-00-00 00:00:00"
13,"A P MODEL SCHOOL G SIGADAM",28110501714,91f11538,Telangana,MAHABUBNAGAR,ATL,532148,SRIKAKULAM,"AP MODEL SCHOOL G SIGADAM VILLAGE&MANDAL SRIKAKULAM DISTRICT ANDHRAPRADESH PIN 532148",India,ACTIVE,NULL,NULL,NULL,NULL,0,"0000-00-00 00:00:00",0,"0000-00-00 00:00:00"
14,"VISHNU SCHOOL",28153600206,31f68295,Telangana,MANCHERIAL,ATL,534202,"WEST GODAVARI DISTRICT","Kovvada, Andhra Pradesh- 534206",India,ACTIVE,NULL,NULL,NULL,NULL,0,"0000-00-00 00:00:00",0,"0000-00-00 00:00:00"
15,"RATNAM HIGH SCHOOL",28192500914,fcd012997,Telangana,MEDAK,ATL,524002,NELLORE-2,"Stonehousepet Lakshmi Puram, Nellore-2 Andrapradesh-524002",India,ACTIVE,NULL,NULL,NULL,NULL,0,"0000-00-00 00:00:00",0,"0000-00-00 00:00:00"
16,"SRI PRAKASH SYNERGY SCHOOL",28142090657,5024041,Telangana,MEDCHAL-MALKAJGIRI,ATL,533437,PEDDAPURAM,"#2-8-11/D Ramaraopeta Peddapuram - 533437",India,ACTIVE,NULL,NULL,NULL,NULL,0,"0000-00-00 00:00:00",0,"0000-00-00 00:00:00"
17,"AP MODEL SCHOOL",28172200808,ec4d1392,Telangana,MULUGU,ATL,522603,GUNTUR,"Dechavaram, Rupenaguntla Nekarikallu  Guntur,Andhra Pradesh- 522603",India,ACTIVE,NULL,NULL,NULL,NULL,0,"0000-00-00 00:00:00",0,"0000-00-00 00:00:00"
18,"APSWR CENTRE OF EXCELLENCE",28132800334,1980955,Telangana,NAGARKURNOOL,ATL,530048,VISAKHAPATNAM,"PRINCIPAL APSWR CENTRE OF EXCELLENCE BESIDE GAYATRI ENGINEERING COLLEGE (W) RICKSHAW COLONY KOMMADI, MADHURAWADA",India,ACTIVE,NULL,NULL,NULL,NULL,0,"0000-00-00 00:00:00",0,"0000-00-00 00:00:00"
19,"KENDRIYA VIDYALAYA ",28133090382,69e2820,Telangana,NALGONDA,ATL,530026,VISAKHAPATNAM,"Steel Plant Sector I, Ukkunagaram Visakhapatnam  - 530026",India,ACTIVE,NULL,NULL,NULL,NULL,0,"0000-00-00 00:00:00",0,"0000-00-00 00:00:00"
20,"A P MODEL SCHOOL L R PALLI ",28203600530,aca01552,Telangana,NARAYANPET,ATL,516257,CUDDAPAH,"A.P.MODEL SCHOOL CHOWTAPALLI VILLAGE L.R.PALLI KADAPA DISTRICT PIN:516257",India,ACTIVE,NULL,NULL,NULL,NULL,0,"0000-00-00 00:00:00",0,"0000-00-00 00:00:00"
21,"AP SOCIAL WELFARE RESIDENTIAL SCHOOL",28141100716,13332141,Telangana,NIRMAL,ATL,533429,ELESWARAM,"APSWRSCHOOL, YRC Road, Eleswaram, East Godavari Andhra Pradesh ..533429",India,ACTIVE,NULL,NULL,NULL,NULL,0,"0000-00-00 00:00:00",0,"0000-00-00 00:00:00"
22,"KENDRIYA VIDYALAYA ",28172601012,54af149,Telangana,NIZAMABAD,ATL,522005,GUNTUR,"Adj.To Government Polytechnic College Nallapadu, Guntur-522005",India,ACTIVE,NULL,NULL,NULL,NULL,0,"0000-00-00 00:00:00",0,"0000-00-00 00:00:00"
23,"ZILLA PARSISHAD HIGH SCHOOL",28141701105,303112419,Telangana,PEDDAPALLI,ATL,533286,GOKAVARAM,"Z.P.P. HIGH SCHOOL RAMPA YERRAMPALEM GOKAVARAM MANDAL EAST GODAVARI DISTRICT ANCHRA PRADESH-533286",India,ACTIVE,NULL,NULL,NULL,NULL,0,"0000-00-00 00:00:00",0,"0000-00-00 00:00:00"
24,"APSWRSJC KANDALERU",28192301404,92772220,Telangana,"RAJANNA SIRCILLA",ATL,524408,"SPSR NELLORE","Apswrsjc Kandaleru ,Rapur(M),Spsr Nellore Dt Pin :524408",India,ACTIVE,NULL,NULL,NULL,NULL,0,"0000-00-00 00:00:00",0,"0000-00-00 00:00:00"
25,"APSWRS/JR COLLEGE(G), VIYYAMPETA",28123401510,36f93204,Telangana,RANGAREDDY,ATL,535183,VIZIANAGARAM,"T.MERY FLORENCE PRINCIPAL VIYYAMPETA- VILLAGE KOTTAVALASA - MANDAL VIZIANAGARAM - AP P.I.N 535183",India,ACTIVE,NULL,NULL,NULL,NULL,0,"0000-00-00 00:00:00",0,"0000-00-00 00:00:00"
26,"A.P.S.W.R.SCHOOL/JR.COLLEGE FOR GIRLS, PEDAPAVANI, PRAKASAM-DIST",28185302012,c8492623,Telangana,SANGAREDDY,ATL,523115,PRAKASAM,"A.P.S.W.R.S /Jr.College for girls, Pedapavani, Prakasam -Disrict Pin code :523115",India,ACTIVE,NULL,NULL,NULL,NULL,0,"0000-00-00 00:00:00",0,"0000-00-00 00:00:00"
27,"APSWRS JUNIOR COLLEGE FOR GIRLS",28151690341,13702497,Telangana,SIDDIPET,ATL,534350,KOVVURU,"APSWRS Jr. COLLEGE(G), KUMARADEVAM KOVVURU MANDAL WEST GODAVARI DISTRICT, A P",India,ACTIVE,NULL,NULL,NULL,NULL,0,"0000-00-00 00:00:00",0,"0000-00-00 00:00:00"
28,"APSWRSCHOOL JR COLLEGE BOYS",28225700208,32232050,Telangana,SURYAPET,ATL,515201,HINDUPUR,"APSWRSCHOOL Jr COLLEGE BOYS MALUGURU HINDUPUR MANDAL,ANANTAPUR DIST PIN 515201.",India,ACTIVE,NULL,NULL,NULL,NULL,0,"0000-00-00 00:00:00",0,"0000-00-00 00:00:00"
29,"SREE BALAJEE VIDYALAYAM",28163791160,72059694,Telangana,VIKARABAD,ATL,521001,MACHILIPATNAM,"Ramaidupet, Machilipatnam, Krishna District, Andhra Pradesh. PIN CODE 521 001",India,ACTIVE,NULL,NULL,NULL,NULL,0,"0000-00-00 00:00:00",0,"0000-00-00 00:00:00"
30,"APSWR JR COLLEGE SCHOOL",28130700414,a1952897,Telangana,WANAPARTHY,ATL,531030,VISHAKHAPATNAM,"Tenugupudi(Village),Devarapalli (Mandal), Visakhapatnam ,Andhra Pradesh-531030",India,ACTIVE,NULL,NULL,NULL,NULL,0,"0000-00-00 00:00:00",0,"0000-00-00 00:00:00"
31,"A P MODEL SCHOOL AND JUNIOR COLLEGE DHARMAVARAM",28223790340,bd682794,Telangana,WARANGAL,ATL,515671,ANANTAPUR,"A.P.MODEL SCHOOL & JUNIOR COLLEGE THARAKARAMAPURAM DHARMAVARAM (MANDAL) ANANTAPUR (DIST) PIN CODE: 515671",India,ACTIVE,NULL,NULL,NULL,NULL,0,"0000-00-00 00:00:00",0,"0000-00-00 00:00:00"
32,"APSWR SCHOOL AND JUNIOR COLLEGE FOR GIRLS SATHYAVEDU",28231801915,14001912,Telangana,HANUMAKONDA,ATL,517588,SATHYAVEDU,"APSWR SCHOOL AND JUNIOR COLLEGE FOR GIRLS , GANDHIPURAM, NEAR BSNL OFFICE, SATHYAVEDU, 517588, CHITTOOR (DT), ANDHRA PRADESH.",India,ACTIVE,NULL,NULL,NULL,NULL,0,"0000-00-00 00:00:00",0,"0000-00-00 00:00:00"
33,"SRINIVASA ENGLISH MEDIUM HIGH SCHOOL",28193901310,15826425,Telangana,"YADADRI BHUVANAGIRI",ATL,524413,VIDYANAGAR,"SRINIVASA E.M.H.SCHOOL, KOTHA PALEM ROAD , CHENDODU VILLAGE, VIDYANAGAR POST , KOTA MANDAL , SPSR NELLORE DIST , ANDHRA PRADESH PIN : 524 413.",India,ACTIVE,NULL,NULL,NULL,NULL,0,"0000-00-00 00:00:00",0,"0000-00-00 00:00:00"
