Unnamed: 0,Sqft,Floor,TotalFloor,Bedroom,Living.Room,Bathroom,Price
1.02689424288948,-0.06513621677529582,-0.01427755558833568,-0.7730161429946817,0.1567089695935246,-1.8621196485545735,0.26475535141183243,36000
-1.6321175476698575,-0.900815953942126,-0.01427755558833568,-0.7730161429946817,-0.8175299257107979,-1.8621196485545735,-1.2364947730772387,24028
-0.2890175225816031,-0.5252295552154608,-0.5223616027318706,-1.1640713682743442,0.1567089695935246,0.39871267769050894,0.26475535141183243,26000
1.358591010218968,-1.1120833032258752,-1.0304456498754055,-0.7730161429946817,-1.7917688210151204,-1.8621196485545735,-1.2364947730772387,33000
0.5864444370913076,1.8127957768580305,-0.5223616027318706,-0.7730161429946817,0.1567089695935246,0.39871267769050894,1.7660054759009034,90000
-0.20201509180665544,1.1789937290067831,-0.2683195791601031,2.7464808845222812,0.1567089695935246,0.39871267769050894,0.26475535141183243,88000
0.2764982774555566,0.21185875228561984,-0.776403626303638,0.2046219202044746,1.130947864897847,0.39871267769050894,0.26475535141183243,75000
1.5054076121516922,-0.6660744547379602,-0.776403626303638,-0.968543755634513,0.1567089695935246,0.39871267769050894,0.26475535141183243,21000
-0.02257257833332593,2.1602131956801958,-0.776403626303638,-0.3819609177150192,0.1567089695935246,0.39871267769050894,1.7660054759009034,160000
1.124771977511296,0.5780554910441186,-0.01427755558833568,1.182259983403631,1.130947864897847,0.39871267769050894,0.26475535141183243,70000
0.9235788563442298,0.4606847414420357,-0.01427755558833568,-0.7730161429946817,1.130947864897847,0.39871267769050894,0.26475535141183243,75000
0.8257011217224136,-1.2764023526687913,0.7478485151269667,-0.3819609177150192,-0.8175299257107979,0.39871267769050894,-1.2364947730772387,32000
0.015490985130713666,-0.14964315648879534,1.7640166094140364,1.964370433962956,-0.8175299257107979,0.39871267769050894,0.26475535141183243,55000
1.668537169854719,0.6672572607417014,-0.01427755558833568,1.3777875960434622,-0.8175299257107979,0.39871267769050894,0.26475535141183243,82000
1.5108452640751264,0.22594324223786977,-0.2683195791601031,-0.7730161429946817,0.1567089695935246,0.39871267769050894,0.26475535141183243,50000
0.26018532168525393,0.3104501819513696,-0.5223616027318706,-0.7730161429946817,1.130947864897847,0.39871267769050894,0.26475535141183243,57000
1.2063367563628096,-0.24353975617046178,-1.0304456498754055,-1.3595989809141755,1.130947864897847,0.39871267769050894,0.26475535141183243,30000
-0.1313256168020105,-0.2059811162977953,-0.01427755558833568,0.4001495328443059,0.1567089695935246,0.39871267769050894,0.26475535141183243,49800
0.12968167552283244,-0.201286286313712,-0.01427755558833568,0.4001495328443059,0.1567089695935246,0.39871267769050894,0.26475535141183243,49800
0.1623075870634378,1.0240643395320332,0.23976446798343176,0.9867323707637997,2.1051867602021694,0.39871267769050894,1.7660054759009034,55000
-1.218856001488856,1.8221854368261972,0.49380649155519923,0.9867323707637997,1.130947864897847,0.39871267769050894,0.26475535141183243,150000
-1.1644794822545137,-0.14964315648879534,0.23976446798343176,0.5956771454841371,0.1567089695935246,0.39871267769050894,0.26475535141183243,92000
-0.1530762244957474,1.5358008077971148,2.2721006565575714,1.964370433962956,2.1051867602021694,0.39871267769050894,3.267255600389974,100000
-0.5826507264470514,-0.31396220593171137,0.23976446798343176,-0.7730161429946817,-0.8175299257107979,0.39871267769050894,-1.2364947730772387,57000
-1.7517458899854104,-1.0275763635123754,-0.2683195791601031,0.5956771454841371,-1.7917688210151204,-4.122951974799656,-1.2364947730772387,48000
-0.43583412451432724,-0.8632573140694594,1.001890538698734,0.5956771454841371,-1.7917688210151204,-1.8621196485545735,-1.2364947730772387,48800
0.7658869505646371,1.0052850195957002,2.018058632985804,1.3777875960434622,1.130947864897847,0.39871267769050894,0.26475535141183243,135000
0.03724159282445058,2.667254833961194,-1.2844876734471729,-0.7730161429946817,0.1567089695935246,0.39871267769050894,0.26475535141183243,160000
1.4401557890704815,0.019370722938203983,-0.2683195791601031,-1.1640713682743442,1.130947864897847,0.39871267769050894,0.26475535141183243,59800
-0.0008219706395890172,-0.1214741765842955,-0.01427755558833568,-0.7730161429946817,-0.8175299257107979,0.39871267769050894,-1.2364947730772387,53000
-0.04432318602706284,0.3198398419195362,1.001890538698734,-0.18643330507518793,0.1567089695935246,0.39871267769050894,0.26475535141183243,90000
-0.3053304783519058,0.6813417506939514,-0.01427755558833568,-0.7730161429946817,1.130947864897847,0.39871267769050894,0.26475535141183243,77999
-1.0231005322452238,2.3573960550116952,3.288268750844641,1.964370433962956,2.1051867602021694,2.6595450039355915,3.267255600389974,140000
-0.6261519418345253,0.6062244709486184,-0.2683195791601031,0.2046219202044746,0.1567089695935246,0.39871267769050894,0.26475535141183243,75000
-1.5559904207417783,-0.24353975617046178,-1.2844876734471729,-1.3595989809141755,1.130947864897847,0.39871267769050894,0.26475535141183243,65000
-1.5614280726652123,-0.4782812553746274,-1.0304456498754055,0.5956771454841371,0.1567089695935246,0.39871267769050894,0.26475535141183243,36000
-1.3928608630387513,-0.7130227545787933,-1.0304456498754055,-1.3595989809141755,0.1567089695935246,0.39871267769050894,-1.2364947730772387,26000
-0.033447882180194385,-0.43602778551787763,0.23976446798343176,-0.7730161429946817,-0.8175299257107979,0.39871267769050894,-1.2364947730772387,59500
1.266150927520586,-0.6191261548971269,-0.776403626303638,0.2046219202044746,0.1567089695935246,0.39871267769050894,-1.2364947730772387,35000
-1.430924426502791,-0.6191261548971269,-0.5223616027318706,-1.1640713682743442,0.1567089695935246,0.39871267769050894,-1.2364947730772387,33500
-1.7299952822916735,-1.0886091533054585,-0.5223616027318706,-0.7730161429946817,-0.8175299257107979,-1.8621196485545735,-1.2364947730772387,29002
0.6625715640193868,0.28697603203095307,-0.776403626303638,-0.7730161429946817,1.130947864897847,0.39871267769050894,0.26475535141183243,48000
1.0649578063535197,0.46537957142611897,-1.0304456498754055,0.5956771454841371,1.130947864897847,0.39871267769050894,0.26475535141183243,100000
-0.07694909756766821,-0.02757757690262908,-1.0304456498754055,-0.7730161429946817,-0.8175299257107979,0.39871267769050894,0.26475535141183243,48800
-0.6968414168391702,0.08509834271537027,-0.776403626303638,-0.7730161429946817,0.1567089695935246,0.39871267769050894,0.26475535141183243,33500
0.5320679178569653,0.46537957142611897,-1.0304456498754055,0.5956771454841371,1.130947864897847,0.39871267769050894,0.26475535141183243,100000
0.20580880245091165,-1.1590316030667083,-0.5223616027318706,-1.3595989809141755,-1.7917688210151204,-1.8621196485545735,-1.2364947730772387,22000
0.5755691332444391,-0.975933233687459,-0.776403626303638,0.2046219202044746,-0.8175299257107979,0.39871267769050894,0.26475535141183243,45000
0.30912418899616195,-0.23415009620229515,0.23976446798343176,0.9867323707637997,0.1567089695935246,0.39871267769050894,0.26475535141183243,45000
-1.3384843438044092,-1.0416608534646254,-0.2683195791601031,-0.3819609177150192,-0.8175299257107979,0.39871267769050894,0.26475535141183243,50000
1.2226497121331124,0.4606847414420357,-1.0304456498754055,-0.7730161429946817,1.130947864897847,0.39871267769050894,0.26475535141183243,55000
-0.08782440141453667,-0.10269485664796228,-0.5223616027318706,-0.968543755634513,-0.8175299257107979,-1.8621196485545735,0.26475535141183243,65000
1.1193343255878618,0.29167086201503634,-0.01427755558833568,-0.7730161429946817,1.130947864897847,0.39871267769050894,1.7660054759009034,65000
-1.360234951498146,-0.8210038442127097,-1.0304456498754055,-1.3595989809141755,-0.8175299257107979,0.39871267769050894,-1.2364947730772387,37000
-1.6647434592104629,0.1743001124129534,-0.5223616027318706,0.2046219202044746,0.1567089695935246,0.39871267769050894,0.26475535141183243,105000
0.8637646851864532,-0.29048805601129485,-0.5223616027318706,0.4001495328443059,0.1567089695935246,0.39871267769050894,0.26475535141183243,45000
0.04267924474788481,0.7470693704711177,-0.01427755558833568,0.2046219202044746,0.1567089695935246,0.39871267769050894,0.26475535141183243,70000
-0.3597069975862481,-1.0886091533054585,0.49380649155519923,0.5956771454841371,-1.7917688210151204,-1.8621196485545735,-1.2364947730772387,36000
-0.501085947595538,-1.2529282027483746,-0.2683195791601031,-0.7730161429946817,-1.7917688210151204,-1.8621196485545735,-1.2364947730772387,36000
0.8909529448036244,-0.06513621677529582,0.49380649155519923,0.2046219202044746,1.130947864897847,0.39871267769050894,0.26475535141183243,38000
-0.2672669148878662,-0.02757757690262908,-0.5223616027318706,-0.7730161429946817,-0.8175299257107979,0.39871267769050894,0.26475535141183243,88000
-0.08238674949110243,0.22594324223786977,-1.2844876734471729,-1.1640713682743442,-0.8175299257107979,0.39871267769050894,0.26475535141183243,37000
-1.0394134880155266,0.28697603203095307,-0.776403626303638,-0.7730161429946817,0.1567089695935246,0.39871267769050894,0.26475535141183243,75000
1.0758331102003882,0.5076330412828688,-0.776403626303638,-0.7730161429946817,1.130947864897847,0.39871267769050894,0.26475535141183243,55000
-0.5065235995189722,0.29167086201503634,-0.5223616027318706,0.9867323707637997,1.130947864897847,0.39871267769050894,0.26475535141183243,55000
0.5592561774741365,-0.6191261548971269,-0.5223616027318706,-0.7730161429946817,0.1567089695935246,0.39871267769050894,0.26475535141183243,31000
-0.6370272456813937,-0.14964315648879534,1.7640166094140364,1.964370433962956,-0.8175299257107979,0.39871267769050894,0.26475535141183243,55000
-1.740870586138542,-0.14964315648879534,-0.5223616027318706,-1.1640713682743442,1.130947864897847,0.39871267769050894,0.26475535141183243,65000
1.0486448505832169,-1.0886091533054585,-1.2844876734471729,-1.3595989809141755,-0.8175299257107979,0.39871267769050894,1.7660054759009034,42000
-0.32164343412220847,-0.4313329555337943,-0.776403626303638,-1.3595989809141755,0.1567089695935246,0.39871267769050894,0.26475535141183243,38000
0.14599463129313514,0.6015296409645352,-0.2683195791601031,-0.7730161429946817,1.130947864897847,0.39871267769050894,1.7660054759009034,55000
1.6522242140844163,-0.4876709153427943,-1.0304456498754055,0.2046219202044746,0.1567089695935246,0.39871267769050894,0.26475535141183243,38000
0.7713246024880713,-0.8069193542604596,0.23976446798343176,-0.18643330507518793,-1.7917688210151204,0.39871267769050894,-1.2364947730772387,28000
-1.333046691880975,-0.4078588056133778,-0.2683195791601031,0.2046219202044746,0.1567089695935246,-1.8621196485545735,0.26475535141183243,45000
1.5706594352329029,0.42312610156936925,-1.0304456498754055,0.5956771454841371,0.1567089695935246,0.39871267769050894,0.26475535141183243,45000
1.5380335236922975,-0.7130227545787933,-0.5223616027318706,-1.1640713682743442,0.1567089695935246,0.39871267769050894,-1.2364947730772387,6100
-0.6750908091454333,-1.229454052827958,-0.776403626303638,0.2046219202044746,-1.7917688210151204,-1.8621196485545735,-1.2364947730772387,23800
-0.7131543726094729,0.2588070521264532,0.49380649155519923,0.2046219202044746,1.130947864897847,0.39871267769050894,0.26475535141183243,65000
0.08074280821192441,-1.0322711934964588,-0.2683195791601031,0.5956771454841371,-0.8175299257107979,0.39871267769050894,-1.2364947730772387,32000
-1.2841078245700668,0.8034073302801179,-0.2683195791601031,-0.968543755634513,1.130947864897847,0.39871267769050894,0.26475535141183243,79999
-0.3651446495096823,-0.8210038442127097,1.509974585842269,0.2046219202044746,0.1567089695935246,0.39871267769050894,0.26475535141183243,36000
0.47769139862262305,-0.9242901038625425,0.49380649155519923,0.2046219202044746,-0.8175299257107979,-1.8621196485545735,-1.2364947730772387,35000
1.4184051813767444,-1.1355574531462918,-0.01427755558833568,-0.7730161429946817,-0.8175299257107979,-1.8621196485545735,-1.2364947730772387,45000
-1.6375551995932915,-1.3233506525096244,-0.776403626303638,-1.3595989809141755,-1.7917688210151204,-1.8621196485545735,-1.2364947730772387,25000
-0.7784061956906836,-0.36091050577254474,-0.2683195791601031,-0.7730161429946817,-0.8175299257107979,-1.8621196485545735,0.26475535141183243,37000
1.0432071986597828,-0.947764253782959,-0.5223616027318706,-1.1640713682743442,0.1567089695935246,0.39871267769050894,-1.2364947730772387,21000
-0.8110321072312889,-0.05574655680712921,-1.0304456498754055,-0.7730161429946817,-0.8175299257107979,0.39871267769050894,0.26475535141183243,49800
-0.3705823014331165,-0.02757757690262908,-1.0304456498754055,-0.7730161429946817,-0.8175299257107979,0.39871267769050894,0.26475535141183243,49800
-0.952411057240579,-0.8538676541012927,1.001890538698734,0.5956771454841371,-0.8175299257107979,-1.8621196485545735,-1.2364947730772387,52000
-1.3819855591918828,0.28697603203095307,-0.776403626303638,-0.7730161429946817,0.1567089695935246,0.39871267769050894,0.26475535141183243,75000
0.15686993514000358,0.6954262406462013,-1.0304456498754055,1.182259983403631,0.1567089695935246,0.39871267769050894,1.7660054759009034,85000
-1.289545476493501,-0.008798256966295853,-1.0304456498754055,-0.7730161429946817,-0.8175299257107979,0.39871267769050894,0.26475535141183243,49800
0.4885667024694915,0.4606847414420357,-0.01427755558833568,-0.7730161429946817,0.1567089695935246,0.39871267769050894,0.26475535141183243,54999
-1.4200491226559224,-1.4172472521912907,-0.01427755558833568,0.5956771454841371,-1.7917688210151204,-1.8621196485545735,-1.2364947730772387,27500
0.8692023371098875,-1.051050513432792,-0.01427755558833568,0.5956771454841371,-1.7917688210151204,-1.8621196485545735,-1.2364947730772387,38800
0.03180394090101635,-1.2341488828120413,-1.0304456498754055,-0.3819609177150192,-1.7917688210151204,-1.8621196485545735,-1.2364947730772387,35000
-0.7566555879969467,-0.4876709153427943,-0.776403626303638,0.2046219202044746,0.1567089695935246,0.39871267769050894,0.26475535141183243,42000
-1.7082446745979365,1.6250025774946977,-0.01427755558833568,1.5733152086832936,0.1567089695935246,0.39871267769050894,0.26475535141183243,100000
-0.4847729918252353,-0.9853228936556256,0.23976446798343176,-0.3819609177150192,-1.7917688210151204,-1.8621196485545735,-1.2364947730772387,42000
-0.4521470802846299,0.8832194400095341,0.49380649155519923,-0.18643330507518793,0.1567089695935246,0.39871267769050894,1.7660054759009034,120000
-1.3112960841872379,0.4700744014102023,-1.0304456498754055,-0.7730161429946817,1.130947864897847,0.39871267769050894,1.7660054759009034,78000
1.1628355409753357,1.01936950954795,2.5261426801293387,1.964370433962956,1.130947864897847,0.39871267769050894,3.267255600389974,138000
-1.1481665264842111,-1.0886091533054585,-0.01427755558833568,0.2046219202044746,-0.8175299257107979,-1.8621196485545735,-1.2364947730772387,35000
0.9290165082676639,-0.8538676541012927,1.2559325622705015,0.4001495328443059,-0.8175299257107979,0.39871267769050894,0.26475535141183243,49998
0.8528893813395848,-0.8397831641490429,-0.5223616027318706,-0.7730161429946817,-0.8175299257107979,0.39871267769050894,0.26475535141183243,88000
-1.6103669399761205,-0.43602778551787763,0.23976446798343176,-0.7730161429946817,-0.8175299257107979,0.39871267769050894,-1.2364947730772387,57000
-1.78980945344945,-0.4735864253905441,-1.0304456498754055,-0.7730161429946817,-0.8175299257107979,0.39871267769050894,0.26475535141183243,62000
1.690287777548456,0.22594324223786977,0.7478485151269667,-0.3819609177150192,1.130947864897847,0.39871267769050894,0.26475535141183243,60000
-0.42495882066745877,0.7940176703119514,-0.01427755558833568,-0.7730161429946817,0.1567089695935246,0.39871267769050894,0.26475535141183243,43000
0.4505031390054519,-1.0886091533054585,-0.01427755558833568,-0.3819609177150192,-0.8175299257107979,0.39871267769050894,-1.2364947730772387,42000
0.36350070823050423,-0.22476043623412853,1.001890538698734,0.2046219202044746,0.1567089695935246,0.39871267769050894,0.26475535141183243,41000
0.9181412044207955,-0.900815953942126,0.49380649155519923,0.5956771454841371,-0.8175299257107979,-1.8621196485545735,-1.2364947730772387,42000
-0.14763857257231316,2.8080997334836937,0.7478485151269667,0.4001495328443059,2.1051867602021694,-1.8621196485545735,0.26475535141183243,206000
-1.670181111133897,-1.0416608534646254,0.23976446798343176,0.7912047581239684,-0.8175299257107979,0.39871267769050894,-1.2364947730772387,55000
-1.458112686119962,-0.8538676541012927,-1.0304456498754055,-1.3595989809141755,1.130947864897847,-1.8621196485545735,-1.2364947730772387,32000
-1.1536041784076454,2.1977718355528624,-0.2683195791601031,-0.968543755634513,1.130947864897847,0.39871267769050894,0.26475535141183243,149999
0.6788845197896894,-0.8538676541012927,-0.2683195791601031,-1.1640713682743442,-0.8175299257107979,-1.8621196485545735,-1.2364947730772387,24000
-0.5391495110595775,1.1508247491022832,-0.01427755558833568,0.4001495328443059,1.130947864897847,0.39871267769050894,1.7660054759009034,80000
-1.3058584322638038,1.0240643395320332,0.23976446798343176,0.7912047581239684,1.130947864897847,0.39871267769050894,0.26475535141183243,70000
-0.7892814995375521,2.2681942853141126,-0.5223616027318706,-0.7730161429946817,1.130947864897847,0.39871267769050894,4.768505724879045,130000
1.499969960228258,0.4700744014102023,-0.2683195791601031,0.2046219202044746,1.130947864897847,0.39871267769050894,0.26475535141183243,129999
0.09705576398222708,-0.40316397562929446,-1.0304456498754055,-0.7730161429946817,0.1567089695935246,0.39871267769050894,0.26475535141183243,38888
-1.691931718827634,1.5874439376220313,-0.01427755558833568,1.5733152086832936,0.1567089695935246,0.39871267769050894,0.26475535141183243,90000
-0.2727045668113004,0.3667881417603692,-0.01427755558833568,0.5956771454841371,1.130947864897847,0.39871267769050894,0.26475535141183243,90000
0.29824888514929354,0.42312610156936925,-1.0304456498754055,-0.7730161429946817,1.130947864897847,0.39871267769050894,0.26475535141183243,65000
-1.001349924551487,-0.38438465569296126,-0.2683195791601031,-0.968543755634513,1.130947864897847,0.39871267769050894,0.26475535141183243,39000
0.048116896671319034,-0.5252295552154608,-0.776403626303638,-1.3595989809141755,0.1567089695935246,0.39871267769050894,0.26475535141183243,40000
0.004615681283845211,1.789321626937614,3.288268750844641,1.964370433962956,2.1051867602021694,2.6595450039355915,3.267255600389974,170000
1.3803416179127048,0.6813417506939514,-0.2683195791601031,-0.7730161429946817,1.130947864897847,0.39871267769050894,0.26475535141183243,78000
0.5538185255507022,-0.8069193542604596,-1.0304456498754055,1.3777875960434622,-1.7917688210151204,0.39871267769050894,-1.2364947730772387,51000
0.5103173101632285,-0.9806280636715423,1.2559325622705015,0.5956771454841371,-0.8175299257107979,-1.8621196485545735,-1.2364947730772387,40000
-1.5396774649714755,-0.06513621677529582,-1.0304456498754055,-0.968543755634513,-0.8175299257107979,0.39871267769050894,0.26475535141183243,47999
-0.7185920245329072,0.3198398419195362,0.49380649155519923,0.7912047581239684,0.1567089695935246,0.39871267769050894,0.26475535141183243,85000
1.7283513410124955,-0.21067594628187863,-0.01427755558833568,-0.7730161429946817,0.1567089695935246,0.39871267769050894,-1.2364947730772387,36000
1.1356472813581646,0.38087263171261915,-0.2683195791601031,-0.7730161429946817,0.1567089695935246,0.39871267769050894,0.26475535141183243,60000
-1.2025430457185533,-1.257623032732458,-0.01427755558833568,-0.968543755634513,-1.7917688210151204,0.39871267769050894,-1.2364947730772387,33000
0.39612661977110963,-0.2951828859953781,-0.5223616027318706,0.4001495328443059,0.1567089695935246,0.39871267769050894,0.26475535141183243,41000
0.689759823636558,-0.14964315648879534,-0.776403626303638,-1.3595989809141755,1.130947864897847,0.39871267769050894,0.26475535141183243,39000
0.07530515628849017,-1.0416608534646254,0.7478485151269667,0.2046219202044746,-0.8175299257107979,0.39871267769050894,-1.2364947730772387,60000
0.7821999063349399,0.46537957142611897,-1.0304456498754055,0.5956771454841371,1.130947864897847,0.39871267769050894,0.26475535141183243,105000
1.6304736063906793,-0.4782812553746274,1.001890538698734,0.2046219202044746,0.1567089695935246,0.39871267769050894,0.26475535141183243,41000
1.3422780544486652,-0.38438465569296126,0.49380649155519923,-0.5774885303548505,0.1567089695935246,0.39871267769050894,0.26475535141183243,23000
-0.18570213603635277,0.4841588913624522,0.49380649155519923,0.4001495328443059,-0.8175299257107979,0.39871267769050894,0.26475535141183243,120000
0.8365764255692821,0.8926090999777008,-1.0304456498754055,0.5956771454841371,1.130947864897847,0.39871267769050894,0.26475535141183243,108000
-0.1150126610317078,-0.14025349652062874,-1.0304456498754055,-0.7730161429946817,1.130947864897847,0.39871267769050894,0.26475535141183243,44999
-0.9741616649343158,0.22594324223786977,-0.776403626303638,1.7688428213231246,0.1567089695935246,0.39871267769050894,0.26475535141183243,55000
-1.1101029630201715,1.329228288497449,0.7478485151269667,0.2046219202044746,0.1567089695935246,0.39871267769050894,0.26475535141183243,120000
1.5597841313860343,-0.8538676541012927,-0.2683195791601031,-0.3819609177150192,-1.7917688210151204,-1.8621196485545735,-1.2364947730772387,43000
1.238962667903415,-0.8538676541012927,1.2559325622705015,1.3777875960434622,-0.8175299257107979,0.39871267769050894,-1.2364947730772387,30500
-0.7729685437672494,-0.24353975617046178,-0.2683195791601031,-1.1640713682743442,0.1567089695935246,0.39871267769050894,0.26475535141183243,36000
0.238434713991517,-1.0792194933372918,-0.2683195791601031,0.2046219202044746,-0.8175299257107979,0.39871267769050894,-1.2364947730772387,34800
0.10793106782909555,-1.0087970435760423,-0.01427755558833568,-0.7730161429946817,-0.8175299257107979,0.39871267769050894,-1.2364947730772387,39000
1.6794124737015874,0.46537957142611897,3.034226727272874,1.964370433962956,0.1567089695935246,0.39871267769050894,0.26475535141183243,70000
1.4510310929173498,-0.7224124145469599,0.7478485151269667,0.2046219202044746,0.1567089695935246,0.39871267769050894,0.26475535141183243,42000
-1.0122252283983555,-0.4641967654223775,0.23976446798343176,-0.7730161429946817,-0.8175299257107979,0.39871267769050894,-1.2364947730772387,57000
-1.0176628803217895,-0.4125536355974611,-0.01427755558833568,-0.7730161429946817,1.130947864897847,0.39871267769050894,0.26475535141183243,58888
1.3694663140658365,5.573354594108767,0.7478485151269667,0.7912047581239684,0.1567089695935246,0.39871267769050894,1.7660054759009034,170000
-1.6864940669041997,-0.4782812553746274,-0.776403626303638,-0.3819609177150192,0.1567089695935246,0.39871267769050894,-1.2364947730772387,33000
-0.8436580187718944,0.7705435203915348,-0.2683195791601031,-0.7730161429946817,0.1567089695935246,0.39871267769050894,0.26475535141183243,98000
1.0595201544300854,-1.5111438518729572,0.23976446798343176,0.5956771454841371,-1.7917688210151204,0.39871267769050894,-1.2364947730772387,25000
-1.7245576303682393,-0.24353975617046178,0.7478485151269667,1.5733152086832936,1.130947864897847,0.39871267769050894,0.26475535141183243,39000
-1.6538681553635943,0.3198398419195362,1.001890538698734,0.2046219202044746,1.130947864897847,0.39871267769050894,0.26475535141183243,98000
0.6571339120959525,-0.14964315648879534,-1.0304456498754055,-0.7730161429946817,1.130947864897847,-1.8621196485545735,0.26475535141183243,45000
-0.8599709745421971,-0.5956520049767103,1.509974585842269,1.5733152086832936,-0.8175299257107979,0.39871267769050894,-1.2364947730772387,35000
0.4668160947757546,-1.3374351424618744,-1.0304456498754055,0.2046219202044746,-1.7917688210151204,-1.8621196485545735,-1.2364947730772387,29000
0.1405569793697009,1.3527024384178659,1.001890538698734,1.182259983403631,1.130947864897847,0.39871267769050894,1.7660054759009034,100000
-0.4467094283611957,-0.5674830250722105,-0.776403626303638,0.2046219202044746,-1.7917688210151204,0.39871267769050894,-1.2364947730772387,50000
0.9833930275020062,0.6484779408053682,1.509974585842269,0.2046219202044746,2.1051867602021694,-1.8621196485545735,-1.2364947730772387,89000
-0.29989282642847154,-1.0886091533054585,0.49380649155519923,0.5956771454841371,-1.7917688210151204,-1.8621196485545735,-1.2364947730772387,36000
-0.9469734053171447,-0.7130227545787933,1.2559325622705015,0.5956771454841371,0.1567089695935246,0.39871267769050894,0.26475535141183243,44999
-1.099227659173303,-0.3374363558521279,0.23976446798343176,-0.7730161429946817,-0.8175299257107979,-1.8621196485545735,-1.2364947730772387,57000
0.43962783515858345,-0.5252295552154608,-0.01427755558833568,-0.18643330507518793,-0.8175299257107979,-1.8621196485545735,0.26475535141183243,33000
-0.2128903956535239,0.44190542150570244,0.49380649155519923,-0.3819609177150192,0.1567089695935246,0.39871267769050894,0.26475535141183243,88000
-1.169917134177948,0.7282900505347845,0.49380649155519923,1.5733152086832936,0.1567089695935246,0.39871267769050894,0.26475535141183243,65000
-0.028010230256760155,-0.7224124145469599,1.7640166094140364,0.4001495328443059,-0.8175299257107979,0.39871267769050894,-1.2364947730772387,45000
-0.8382203668484601,1.6437818974310316,1.509974585842269,0.4001495328443059,0.1567089695935246,0.39871267769050894,1.7660054759009034,120000
-1.479863293813699,-0.6191261548971269,1.509974585842269,0.2046219202044746,0.1567089695935246,0.39871267769050894,0.26475535141183243,36000
0.30368653707272775,0.6062244709486184,-0.2683195791601031,0.2046219202044746,0.1567089695935246,0.39871267769050894,0.26475535141183243,70000
-0.571775422600183,1.88321822661928,-1.0304456498754055,2.7464808845222812,1.130947864897847,0.39871267769050894,0.26475535141183243,95000
-0.2563916110409977,-1.553397321729707,1.509974585842269,0.2046219202044746,-1.7917688210151204,-1.8621196485545735,-1.2364947730772387,26000
-1.6973693707510682,-1.4172472521912907,-0.2683195791601031,0.4001495328443059,-1.7917688210151204,-1.8621196485545735,-1.2364947730772387,25000
0.15143228321656937,-0.6660744547379602,1.2559325622705015,0.5956771454841371,0.1567089695935246,0.39871267769050894,0.26475535141183243,61000
-0.3923329091268534,-1.0792194933372918,-0.2683195791601031,0.2046219202044746,-0.8175299257107979,-1.8621196485545735,-1.2364947730772387,34800
0.18949584668060895,0.2681967120946198,-1.2844876734471729,2.7464808845222812,0.1567089695935246,-1.8621196485545735,-1.2364947730772387,65000
1.5815347390797714,-0.8069193542604596,-1.0304456498754055,-1.3595989809141755,-0.8175299257107979,-1.8621196485545735,-1.2364947730772387,32000
-0.7457802841500782,-0.975933233687459,-0.776403626303638,0.2046219202044746,-0.8175299257107979,0.39871267769050894,-1.2364947730772387,45000
1.4619063967642183,-0.10269485664796228,-0.01427755558833568,-0.7730161429946817,0.1567089695935246,0.39871267769050894,0.26475535141183243,36000
1.385779269836139,-0.4923657453268776,-1.0304456498754055,-0.7730161429946817,0.1567089695935246,0.39871267769050894,0.26475535141183243,38000
0.6027573928616102,-1.0087970435760423,-0.776403626303638,-0.7730161429946817,-0.8175299257107979,0.39871267769050894,-1.2364947730772387,28000
-1.2786701726466325,0.8362711401687011,-0.2683195791601031,-0.7730161429946817,1.130947864897847,0.39871267769050894,0.26475535141183243,60000
-0.8001568033844205,0.20246909231745322,0.23976446798343176,0.5956771454841371,0.1567089695935246,0.39871267769050894,0.26475535141183243,40000
-0.13676326872544473,0.21655358226970314,1.7640166094140364,1.964370433962956,-0.8175299257107979,0.39871267769050894,0.26475535141183243,55000
1.0214565909660458,0.46537957142611897,3.034226727272874,1.964370433962956,0.1567089695935246,0.39871267769050894,0.26475535141183243,69500
1.1138966736644278,-1.4454162320957906,-0.776403626303638,-0.968543755634513,-1.7917688210151204,0.39871267769050894,-1.2364947730772387,40000
1.3912169217595733,-0.29048805601129485,-0.5223616027318706,0.7912047581239684,0.1567089695935246,0.39871267769050894,0.26475535141183243,45000
0.5973197409381761,-1.0134918735601255,-0.01427755558833568,-0.7730161429946817,-1.7917688210151204,-1.8621196485545735,-1.2364947730772387,45000
-1.7626211938322789,-0.5393140451677106,1.2559325622705015,0.2046219202044746,1.130947864897847,0.39871267769050894,0.26475535141183243,148000
-1.5451151168949098,0.08509834271537027,-0.01427755558833568,-0.7730161429946817,1.130947864897847,0.39871267769050894,0.26475535141183243,50000
0.12424402359939822,-0.947764253782959,-0.2683195791601031,-0.3819609177150192,-1.7917688210151204,0.39871267769050894,-1.2364947730772387,42000
0.8746399890333216,-1.0322711934964588,-1.0304456498754055,-0.3819609177150192,-1.7917688210151204,-1.8621196485545735,-1.2364947730772387,35000
0.6843221717131237,-1.1825057529871248,-1.0304456498754055,-1.1640713682743442,-1.7917688210151204,-1.8621196485545735,-1.2364947730772387,28000
-1.7028070226745025,-1.0886091533054585,-0.2683195791601031,0.4001495328443059,-0.8175299257107979,0.39871267769050894,-1.2364947730772387,48000
-1.528802161124607,2.9019963331653598,3.288268750844641,1.5733152086832936,0.1567089695935246,0.39871267769050894,1.7660054759009034,200000
1.6141606506203767,1.3902610782905325,-0.2683195791601031,0.7912047581239684,0.1567089695935246,0.39871267769050894,1.7660054759009034,110000
1.4238428333001787,-0.7552762244355432,-0.5223616027318706,-1.3595989809141755,0.1567089695935246,0.39871267769050894,-1.2364947730772387,32000
-1.7734964976791474,-0.10269485664796228,-1.0304456498754055,-0.7730161429946817,0.1567089695935246,0.39871267769050894,0.26475535141183243,45000
1.4020922256064419,-0.07452587674346244,-0.5223616027318706,-0.7730161429946817,-0.8175299257107979,0.39871267769050894,0.26475535141183243,99999
0.16774523898687205,1.1179609392137,-1.0304456498754055,-0.7730161429946817,0.1567089695935246,0.39871267769050894,0.26475535141183243,70000
-0.0551984898739313,1.3902610782905325,0.23976446798343176,-0.7730161429946817,1.130947864897847,2.6595450039355915,1.7660054759009034,77999
-0.24007865527069505,-0.18720179636146178,1.509974585842269,0.2046219202044746,-0.8175299257107979,0.39871267769050894,-1.2364947730772387,45000
0.5646938293975707,-0.24353975617046178,2.7801847037011065,2.5509532718824497,0.1567089695935246,0.39871267769050894,0.26475535141183243,85000
-0.22920335142382658,0.16491045244478678,1.001890538698734,0.2046219202044746,-1.7917688210151204,-1.8621196485545735,-1.2364947730772387,50000
0.9398918121145324,-0.6191261548971269,-0.01427755558833568,-0.3819609177150192,1.130947864897847,0.39871267769050894,0.26475535141183243,50000
-0.5554624668298803,-1.2482333727642914,0.49380649155519923,-0.3819609177150192,-1.7917688210151204,0.39871267769050894,-1.2364947730772387,45000
-1.64843050344016,2.8080997334836937,3.288268750844641,1.5733152086832936,0.1567089695935246,0.39871267769050894,1.7660054759009034,200000
0.977955375578572,0.4606847414420357,0.23976446798343176,0.2046219202044746,0.1567089695935246,-1.8621196485545735,0.26475535141183243,77000
-0.3488316937393796,0.7940176703119514,-0.01427755558833568,-0.7730161429946817,0.1567089695935246,0.39871267769050894,0.26475535141183243,43000
-1.5179268572777387,0.9301677398503672,0.23976446798343176,0.4001495328443059,1.130947864897847,0.39871267769050894,0.26475535141183243,76000
-0.5337118591361434,0.21655358226970314,1.7640166094140364,1.964370433962956,-0.8175299257107979,0.39871267769050894,0.26475535141183243,55000
-1.5886163322823836,-1.0134918735601255,-0.5223616027318706,-1.3595989809141755,0.1567089695935246,0.39871267769050894,0.26475535141183243,60000
-0.9252227976234078,0.22124841225378644,-0.776403626303638,-0.968543755634513,0.1567089695935246,0.39871267769050894,0.26475535141183243,59888
-0.4902106437486695,-0.06513621677529582,-0.2683195791601031,-0.7730161429946817,0.1567089695935246,0.39871267769050894,0.26475535141183243,50000
1.5869723910032056,1.0240643395320332,1.2559325622705015,0.5956771454841371,0.1567089695935246,0.39871267769050894,0.26475535141183243,99999
-0.8273450630015917,0.4137364416012026,2.5261426801293387,1.3777875960434622,1.130947864897847,0.39871267769050894,1.7660054759009034,82000
1.16827319289877,-0.5721778550562938,-1.0304456498754055,-1.3595989809141755,-0.8175299257107979,-1.8621196485545735,0.26475535141183243,31000
1.6250359544672452,-0.38438465569296126,-1.2844876734471729,0.5956771454841371,0.1567089695935246,0.39871267769050894,0.26475535141183243,55000
-0.7240296764563413,0.3198398419195362,-1.0304456498754055,-0.3819609177150192,0.1567089695935246,0.39871267769050894,0.26475535141183243,55000
1.1791484967456385,-0.24353975617046178,0.7478485151269667,0.4001495328443059,0.1567089695935246,0.39871267769050894,0.26475535141183243,48000
1.0105812871191773,-0.7599710544196265,-0.5223616027318706,-1.1640713682743442,0.1567089695935246,0.39871267769050894,0.26475535141183243,33000
1.6087229986969425,2.0569269360303633,-1.2844876734471729,-0.968543755634513,1.130947864897847,0.39871267769050894,1.7660054759009034,100000
1.2117744082862438,0.7987125002960346,0.23976446798343176,1.5733152086832936,1.130947864897847,0.39871267769050894,0.26475535141183243,77000
-1.4254867745793567,-1.3233506525096244,-1.0304456498754055,-0.7730161429946817,-0.8175299257107979,-1.8621196485545735,-1.2364947730772387,26000
0.2928112332258593,0.8362711401687011,0.7478485151269667,0.7912047581239684,1.130947864897847,0.39871267769050894,0.26475535141183243,110000
-0.8654086264656312,0.08509834271537027,-0.2683195791601031,0.2046219202044746,-0.8175299257107979,0.39871267769050894,0.26475535141183243,48000
0.7985128621052425,-0.3468260158202948,-0.2683195791601031,0.4001495328443059,0.1567089695935246,0.39871267769050894,0.26475535141183243,57000
-0.8980345380062367,-1.126167793178125,-0.5223616027318706,-1.1640713682743442,-0.8175299257107979,0.39871267769050894,-1.2364947730772387,28000
-0.0932620533379709,-0.38438465569296126,-0.776403626303638,0.2046219202044746,-1.7917688210151204,0.39871267769050894,-1.2364947730772387,35000
-0.7294673283797756,0.7940176703119514,1.2559325622705015,0.5956771454841371,1.130947864897847,0.39871267769050894,0.26475535141183243,55000
0.4613784428523204,-0.8069193542604596,-0.5223616027318706,0.4001495328443059,-0.8175299257107979,0.39871267769050894,-1.2364947730772387,32000
0.21124645437434586,-1.318655822525541,4.0503948215599435,2.9420084971621123,-1.7917688210151204,-4.122951974799656,-1.2364947730772387,19000
0.5375055697803995,0.554581341123702,-0.01427755558833568,-0.7730161429946817,1.130947864897847,0.39871267769050894,1.7660054759009034,85000
-0.9578487091640131,0.3198398419195362,-1.0304456498754055,-0.7730161429946817,1.130947864897847,0.39871267769050894,0.26475535141183243,57000
0.3363124486133331,-0.12616900656837882,-0.01427755558833568,-0.7730161429946817,-0.8175299257107979,0.39871267769050894,-1.2364947730772387,55000
0.8202634697989793,-0.17781213639329518,-1.0304456498754055,-0.968543755634513,0.1567089695935246,0.39871267769050894,1.7660054759009034,60000
-0.5500248149064461,-0.7552762244355432,-0.2683195791601031,0.5956771454841371,-0.8175299257107979,-1.8621196485545735,-1.2364947730772387,28000
0.5810067851678734,-0.7740555443718764,-0.2683195791601031,0.2046219202044746,-0.8175299257107979,-1.8621196485545735,-1.2364947730772387,43000
1.0323318948129143,-1.2529282027483746,-0.2683195791601031,-0.7730161429946817,-1.7917688210151204,-1.8621196485545735,-1.2364947730772387,36000
-1.2242936534122904,2.1602131956801958,-0.776403626303638,-0.3819609177150192,0.1567089695935246,0.39871267769050894,1.7660054759009034,150000
0.7550116467177687,-0.05574655680712921,-0.5223616027318706,-1.3595989809141755,0.1567089695935246,0.39871267769050894,0.26475535141183243,36000
-1.387423211115317,-1.0886091533054585,-0.5223616027318706,-0.7730161429946817,-0.8175299257107979,0.39871267769050894,-1.2364947730772387,38000
0.9616424198082694,0.2494173921582866,-0.5223616027318706,0.2046219202044746,0.1567089695935246,0.39871267769050894,0.26475535141183243,45000
1.6032853467735082,3.5123242310961906,2.2721006565575714,1.5733152086832936,4.053664550810814,2.6595450039355915,3.267255600389974,180000
-1.1372912226373426,-0.7599710544196265,-1.0304456498754055,0.5956771454841371,-0.8175299257107979,0.39871267769050894,0.26475535141183243,33000
1.1410849332815989,0.3667881417603692,-0.01427755558833568,0.5956771454841371,1.130947864897847,0.39871267769050894,1.7660054759009034,85000
0.8800776409567559,0.14613113250845355,1.001890538698734,0.5956771454841371,-0.8175299257107979,0.39871267769050894,0.26475535141183243,55000
1.5217205679219947,-0.6895486046583768,0.49380649155519923,0.009094307564643331,0.1567089695935246,0.39871267769050894,0.26475535141183243,36000
-0.6533402014516964,-0.6660744547379602,-0.2683195791601031,0.2046219202044746,-0.8175299257107979,0.39871267769050894,0.26475535141183243,36000
0.3743760120773727,0.009981062970037372,1.001890538698734,0.2046219202044746,1.130947864897847,0.39871267769050894,0.26475535141183243,98000
1.217212060209678,0.03815004287453721,-1.2844876734471729,-1.1640713682743442,0.1567089695935246,0.39871267769050894,1.7660054759009034,80000
0.428752531311715,-0.8538676541012927,-0.776403626303638,-1.3595989809141755,-0.8175299257107979,0.39871267769050894,-1.2364947730772387,29800
0.8420140774927163,0.6954262406462013,-0.5223616027318706,0.5956771454841371,1.130947864897847,0.39871267769050894,0.26475535141183243,100000
-1.746308238061976,-0.5064502352791275,1.001890538698734,0.2046219202044746,0.1567089695935246,0.39871267769050894,0.26475535141183243,45000
0.6734468678662553,-0.24353975617046178,-0.5223616027318706,0.009094307564643331,1.130947864897847,0.39871267769050894,0.26475535141183243,50000
-1.594053984205818,-1.4548058920639573,-0.2683195791601031,0.2046219202044746,-0.8175299257107979,0.39871267769050894,-1.2364947730772387,43500
-1.028538184168658,-0.45011227547012755,1.001890538698734,0.9867323707637997,0.1567089695935246,0.39871267769050894,0.26475535141183243,86888
-0.4032082129737219,0.21655358226970314,1.7640166094140364,1.964370433962956,-0.8175299257107979,0.39871267769050894,0.26475535141183243,55000
-0.12588796487857626,0.6813417506939514,-0.2683195791601031,-0.7730161429946817,1.130947864897847,0.39871267769050894,0.26475535141183243,77999
0.7115104313302948,0.21655358226970314,1.7640166094140364,1.964370433962956,-0.8175299257107979,0.39871267769050894,0.26475535141183243,55000
0.7495739947943344,-0.4078588056133778,-1.0304456498754055,-0.7730161429946817,0.1567089695935246,0.39871267769050894,0.26475535141183243,39000
0.22755941014464856,-1.1825057529871248,0.49380649155519923,-0.3819609177150192,-1.7917688210151204,0.39871267769050894,-1.2364947730772387,45000
-1.4689879899668306,-0.22945526621821186,-1.2844876734471729,-0.7730161429946817,0.1567089695935246,0.39871267769050894,0.26475535141183243,43000
-1.1807924380248165,-0.8961211239580427,-0.01427755558833568,-0.3819609177150192,1.130947864897847,0.39871267769050894,0.26475535141183243,52000
0.5157549620866626,0.03815004287453721,-1.0304456498754055,-0.968543755634513,0.1567089695935246,0.39871267769050894,-1.2364947730772387,45000
0.5701314813210049,0.6954262406462013,2.2721006565575714,0.7912047581239684,0.1567089695935246,0.39871267769050894,0.26475535141183243,110000
0.5211926140100969,-0.22476043623412853,-0.5223616027318706,0.009094307564643331,1.130947864897847,0.39871267769050894,0.26475535141183243,50000
-0.3542693456628138,-0.06513621677529582,-1.0304456498754055,-0.968543755634513,-0.8175299257107979,0.39871267769050894,0.26475535141183243,48000
1.1465225852050331,-0.14494832650471204,-0.776403626303638,0.2046219202044746,0.1567089695935246,0.39871267769050894,0.26475535141183243,48120
-0.15851387641918163,2.1273493857916126,-1.0304456498754055,2.7464808845222812,1.130947864897847,0.39871267769050894,0.26475535141183243,98000
-0.9687240130108816,0.3198398419195362,1.001890538698734,0.4001495328443059,1.130947864897847,0.39871267769050894,0.26475535141183243,97999
-0.33251873796907694,-1.1496419430985416,-0.01427755558833568,-0.7730161429946817,-1.7917688210151204,-1.8621196485545735,-1.2364947730772387,25000
1.2498379717502834,-0.2670139060908783,-0.2683195791601031,0.009094307564643331,0.1567089695935246,0.39871267769050894,0.26475535141183243,38000
0.17862054283374051,0.789322840327868,-0.776403626303638,-0.968543755634513,1.130947864897847,0.39871267769050894,1.7660054759009034,98000
1.3150897948314941,-1.0886091533054585,-0.01427755558833568,-0.968543755634513,-0.8175299257107979,-1.8621196485545735,-1.2364947730772387,17000
-1.5831786803589494,2.9019963331653598,3.288268750844641,1.5733152086832936,0.1567089695935246,0.39871267769050894,1.7660054759009034,200000
-1.0937900072498687,0.7001210706302846,-0.5223616027318706,0.5956771454841371,1.130947864897847,0.39871267769050894,0.26475535141183243,100000
-0.10413735718483935,0.1789949423970367,-0.5223616027318706,0.7912047581239684,0.1567089695935246,0.39871267769050894,0.26475535141183243,58000
-0.7022790687626044,-1.0792194933372918,-0.2683195791601031,-0.7730161429946817,-0.8175299257107979,0.39871267769050894,-1.2364947730772387,43000
0.13511932744626667,-1.3139609925414577,-0.2683195791601031,0.009094307564643331,-1.7917688210151204,-1.8621196485545735,-1.2364947730772387,29500
0.5266302659335311,0.49824338131470214,2.7801847037011065,1.964370433962956,0.1567089695935246,0.39871267769050894,0.26475535141183243,88000
-0.9904746207046184,0.6484779408053682,-0.01427755558833568,0.7912047581239684,1.130947864897847,0.39871267769050894,0.26475535141183243,88000
1.4673440486876526,-0.23415009620229515,0.23976446798343176,0.9867323707637997,0.1567089695935246,0.39871267769050894,0.26475535141183243,45000
0.7060727794068606,-0.06513621677529582,-0.01427755558833568,-0.7730161429946817,0.1567089695935246,0.39871267769050894,0.26475535141183243,36000
0.5048796582397942,-1.407857592223124,0.23976446798343176,-0.7730161429946817,-1.7917688210151204,-1.8621196485545735,-1.2364947730772387,34000
1.3259650986783627,-0.46889159540646075,-1.2844876734471729,-1.3595989809141755,0.1567089695935246,0.39871267769050894,0.26475535141183243,52000
-0.9850369687811843,4.54518682759452,-0.776403626303638,5.288339848840088,0.1567089695935246,0.39871267769050894,1.7660054759009034,225000
0.9453294640379667,-0.5721778550562938,-1.0304456498754055,-0.3819609177150192,0.1567089695935246,0.39871267769050894,0.26475535141183243,50000
0.118806371675964,-0.8069193542604596,-1.0304456498754055,-1.3595989809141755,-0.8175299257107979,-1.8621196485545735,-1.2364947730772387,31999
-0.0062596225630232455,0.22594324223786977,-0.776403626303638,0.5956771454841371,0.1567089695935246,0.39871267769050894,0.26475535141183243,65000
1.6848501256250217,-0.3562156757884614,-0.01427755558833568,-0.7730161429946817,0.1567089695935246,0.39871267769050894,0.26475535141183243,40000
-1.1155406149436058,0.8081021602642012,-0.2683195791601031,-0.968543755634513,1.130947864897847,0.39871267769050894,0.26475535141183243,80000
1.1737108448222042,-0.9947125536237923,-0.776403626303638,-1.1640713682743442,-0.8175299257107979,-1.8621196485545735,-1.2364947730772387,30000
-1.2677948687997642,0.554581341123702,-0.01427755558833568,1.182259983403631,1.130947864897847,0.39871267769050894,0.26475535141183243,66000
-1.0067875764749212,-0.4125536355974611,-0.776403626303638,-0.7730161429946817,0.1567089695935246,0.39871267769050894,0.26475535141183243,41888
-0.47933533990180105,0.6203089609008684,-0.776403626303638,-0.7730161429946817,1.130947864897847,0.39871267769050894,0.26475535141183243,68000
0.3689383601539385,-0.5064502352791275,1.001890538698734,0.2046219202044746,-0.8175299257107979,0.39871267769050894,0.26475535141183243,45000
0.668009215942821,-0.8069193542604596,-1.0304456498754055,-1.3595989809141755,-0.8175299257107979,0.39871267769050894,-1.2364947730772387,36000
-1.26235721687633,0.27289154207870314,-0.776403626303638,-0.7730161429946817,1.130947864897847,0.39871267769050894,0.26475535141183243,75000
0.24387236591495123,-1.4641955520321237,0.7478485151269667,0.2046219202044746,-1.7917688210151204,-4.122951974799656,-1.2364947730772387,13000
-0.011697274486457474,-1.0745246633532086,1.2559325622705015,0.4001495328443059,-0.8175299257107979,-1.8621196485545735,-1.2364947730772387,36000
-0.261829262964432,-0.9571539137511257,-0.2683195791601031,0.2046219202044746,-0.8175299257107979,-1.8621196485545735,-1.2364947730772387,43500
-0.18026448411291854,-0.4923657453268776,-0.776403626303638,-0.7730161429946817,0.1567089695935246,0.39871267769050894,0.26475535141183243,45000
-0.39777056105028763,0.789322840327868,-0.01427755558833568,-0.7730161429946817,0.1567089695935246,0.39871267769050894,0.26475535141183243,43000
0.40156427169454384,-0.37030016574071134,-0.5223616027318706,0.9867323707637997,0.1567089695935246,0.39871267769050894,0.26475535141183243,40000
-1.12097826686704,0.789322840327868,-0.776403626303638,-0.968543755634513,0.1567089695935246,0.39871267769050894,0.26475535141183243,68000
-0.7838438476141179,-0.6238209848812102,-0.776403626303638,-0.7730161429946817,-0.8175299257107979,-1.8621196485545735,-1.2364947730772387,45000
-0.6805284610688676,-0.1965914563296287,-1.0304456498754055,-0.7730161429946817,0.1567089695935246,0.39871267769050894,0.26475535141183243,45000
0.6081950447850445,-0.14964315648879534,-0.776403626303638,-0.7730161429946817,0.1567089695935246,0.39871267769050894,0.26475535141183243,68000
-0.017134926409891702,1.1977730489431162,0.23976446798343176,0.7912047581239684,1.130947864897847,0.39871267769050894,1.7660054759009034,73000
-0.4412717764377615,1.4935473379403652,-0.2683195791601031,0.2046219202044746,1.130947864897847,0.39871267769050894,0.26475535141183243,138888
0.48312905054605726,-0.9853228936556256,0.23976446798343176,-0.3819609177150192,-1.7917688210151204,-1.8621196485545735,-1.2364947730772387,42000
1.2280873640565464,0.29636569199911966,-0.776403626303638,-0.968543755634513,0.1567089695935246,0.39871267769050894,0.26475535141183243,45000
1.0812707621238224,-0.1965914563296287,-0.5223616027318706,-1.3595989809141755,0.1567089695935246,0.39871267769050894,0.26475535141183243,40000
1.1302096294347304,-1.0886091533054585,-0.2683195791601031,-0.7730161429946817,-0.8175299257107979,0.39871267769050894,-1.2364947730772387,43000
1.2008991044393753,0.042844872858620514,1.001890538698734,0.2046219202044746,-0.8175299257107979,0.39871267769050894,0.26475535141183243,58000
1.3096521429080599,0.7189003905666178,1.001890538698734,1.182259983403631,0.1567089695935246,0.39871267769050894,0.26475535141183243,68000
0.7441363428709002,0.7001210706302846,-0.5223616027318706,0.5956771454841371,1.130947864897847,0.39871267769050894,0.26475535141183243,100000
-1.1046653110967373,-0.43602778551787763,0.23976446798343176,-0.7730161429946817,-0.8175299257107979,0.39871267769050894,-1.2364947730772387,57000
0.4124395755414123,0.6813417506939514,-0.2683195791601031,-0.7730161429946817,1.130947864897847,0.39871267769050894,0.26475535141183243,78000
1.429280485223613,0.3902622916807858,0.7478485151269667,0.9867323707637997,1.130947864897847,0.39871267769050894,0.26475535141183243,69000
1.287901535214323,-1.0792194933372918,-0.2683195791601031,0.2046219202044746,-0.8175299257107979,0.39871267769050894,-1.2364947730772387,35000
-0.5663377706767487,-1.3233506525096244,2.018058632985804,0.9867323707637997,-1.7917688210151204,-1.8621196485545735,-1.2364947730772387,25000
0.08618046013535863,0.789322840327868,1.2559325622705015,0.2046219202044746,-0.8175299257107979,0.39871267769050894,0.26475535141183243,58000
-1.501613901507436,-0.8538676541012927,-1.0304456498754055,-0.968543755634513,-0.8175299257107979,0.39871267769050894,-1.2364947730772387,30032
-0.5880883783704857,1.1789937290067831,1.509974585842269,2.7464808845222812,1.130947864897847,0.39871267769050894,0.26475535141183243,110000
-1.0829147034030004,-1.0604401734009588,0.49380649155519923,0.009094307564643331,-0.8175299257107979,-1.8621196485545735,-1.2364947730772387,27000
1.3966545736830076,-0.5768726850403771,-0.5223616027318706,0.2046219202044746,-0.8175299257107979,0.39871267769050894,-1.2364947730772387,38800
0.7767622544115056,3.042841232687859,2.2721006565575714,0.9867323707637997,0.1567089695935246,-1.8621196485545735,0.26475535141183243,200000
-0.7675308918438152,-0.3280466958839613,-0.5223616027318706,-1.1640713682743442,1.130947864897847,0.39871267769050894,0.26475535141183243,30000
1.4129675294533102,-0.9712384037033758,-0.776403626303638,-1.3595989809141755,-0.8175299257107979,0.39871267769050894,-1.2364947730772387,43000
0.6136326967084788,-0.2059811162977953,-1.0304456498754055,0.2046219202044746,0.1567089695935246,0.39871267769050894,0.26475535141183243,42000
0.8474517294161505,0.22594324223786977,0.7478485151269667,0.7912047581239684,0.1567089695935246,0.39871267769050894,0.26475535141183243,80000
-1.240606609182593,1.0944867892932835,-1.0304456498754055,-0.7730161429946817,0.1567089695935246,0.39871267769050894,0.26475535141183243,75000
0.8311387736458479,0.8409659701527844,-0.2683195791601031,-0.7730161429946817,1.130947864897847,0.39871267769050894,0.26475535141183243,60000
0.3254371447664647,0.911388419914034,-1.0304456498754055,-1.1640713682743442,2.1051867602021694,0.39871267769050894,0.26475535141183243,100000
1.619598302543811,0.4606847414420357,0.49380649155519923,0.4001495328443059,0.1567089695935246,0.39871267769050894,0.26475535141183243,120000
-0.1748268321894843,0.3198398419195362,-0.5223616027318706,-1.3595989809141755,1.130947864897847,0.39871267769050894,0.26475535141183243,51999
-0.3270810860456427,-0.8069193542604596,-1.0304456498754055,-1.3595989809141755,-0.8175299257107979,0.39871267769050894,-1.2364947730772387,36000
-1.5124892053543044,-0.05574655680712921,-1.2844876734471729,-1.1640713682743442,-0.8175299257107979,0.39871267769050894,0.26475535141183243,70000
0.6245080005553472,0.5733606610600354,-1.0304456498754055,-0.968543755634513,1.130947864897847,0.39871267769050894,0.26475535141183243,53000
0.9127035524973612,0.2588070521264532,0.49380649155519923,0.2046219202044746,1.130947864897847,0.39871267769050894,0.26475535141183243,72000
-1.1753547861013822,0.911388419914034,-1.0304456498754055,-0.7730161429946817,1.130947864897847,0.39871267769050894,0.26475535141183243,99999
-0.8055944553078548,-0.06513621677529582,-0.01427755558833568,-0.7730161429946817,1.130947864897847,0.39871267769050894,0.26475535141183243,33700
0.9507671159614008,1.963030336348697,0.7478485151269667,0.4001495328443059,0.1567089695935246,0.39871267769050894,0.26475535141183243,158000
1.3640286621424023,0.052234532826787125,-0.776403626303638,-0.7730161429946817,1.130947864897847,0.39871267769050894,0.26475535141183243,44000
1.0867084140472565,-0.24353975617046178,0.7478485151269667,0.5956771454841371,0.1567089695935246,0.39871267769050894,0.26475535141183243,50000
1.260713275597152,-0.8679521440535427,1.001890538698734,0.5956771454841371,-1.7917688210151204,-1.8621196485545735,-1.2364947730772387,47999
0.2547476697618197,-0.046356896838962304,-0.5223616027318706,-1.3595989809141755,1.130947864897847,0.39871267769050894,0.26475535141183243,52000
-0.06607379372079976,-0.07922070672754575,-0.01427755558833568,-0.968543755634513,0.1567089695935246,0.39871267769050894,0.26475535141183243,49999
0.738698690947466,-0.1214741765842955,-1.0304456498754055,-1.1640713682743442,1.130947864897847,0.39871267769050894,0.26475535141183243,45000
-0.9632863610874474,0.554581341123702,-0.01427755558833568,-0.7730161429946817,1.130947864897847,0.39871267769050894,0.26475535141183243,77000
-0.8490956706953285,0.22594324223786977,0.7478485151269667,0.7912047581239684,0.1567089695935246,0.39871267769050894,0.26475535141183243,80000
-0.5119612514424065,0.28697603203095307,-0.776403626303638,-0.7730161429946817,0.1567089695935246,0.39871267769050894,0.26475535141183243,75000
-0.10957500910827357,0.05692936281087044,-0.5223616027318706,0.7912047581239684,0.1567089695935246,-1.8621196485545735,0.26475535141183243,99999
0.9942683313488747,-1.2482333727642914,0.49380649155519923,-0.3819609177150192,-0.8175299257107979,-1.8621196485545735,-1.2364947730772387,45000
-0.8871592341593681,-0.544008875151794,-0.776403626303638,-1.1640713682743442,0.1567089695935246,0.39871267769050894,0.26475535141183243,45000
-0.049760837950497065,1.1508247491022832,-0.5223616027318706,0.5956771454841371,1.130947864897847,0.39871267769050894,0.26475535141183243,74999
-1.0448511399389608,-1.0087970435760423,-0.01427755558833568,-0.7730161429946817,-0.8175299257107979,-1.8621196485545735,-1.2364947730772387,39000
0.4559407909288861,-0.8069193542604596,-1.0304456498754055,-1.3595989809141755,0.1567089695935246,-1.8621196485545735,-1.2364947730772387,34500
1.336840402525231,5.7001150036790165,0.23976446798343176,1.964370433962956,3.079425655506492,0.39871267769050894,4.768505724879045,180000
-0.7077167206860386,-1.332740312477791,1.7640166094140364,1.182259983403631,-0.8175299257107979,-1.8621196485545735,-1.2364947730772387,29500
0.17318289091030628,0.789322840327868,-0.2683195791601031,-0.7730161429946817,1.130947864897847,0.39871267769050894,0.26475535141183243,78000
-0.37601995335655075,2.667254833961194,-1.2844876734471729,-1.1640713682743442,-0.8175299257107979,0.39871267769050894,0.26475535141183243,63000
-0.5173989033658407,0.7001210706302846,-0.5223616027318706,0.5956771454841371,1.130947864897847,0.39871267769050894,0.26475535141183243,100000
1.097583717894125,-1.4172472521912907,1.7640166094140364,0.5956771454841371,-1.7917688210151204,-1.8621196485545735,-1.2364947730772387,20000
-1.1590418303310797,0.042844872858620514,-0.01427755558833568,-0.7730161429946817,0.1567089695935246,0.39871267769050894,0.26475535141183243,55000
-1.1318535707139084,-0.8679521440535427,1.001890538698734,0.5956771454841371,-0.8175299257107979,-1.8621196485545735,-1.2364947730772387,48000
0.6462586082490841,0.4700744014102023,0.7478485151269667,0.2046219202044746,0.1567089695935246,0.39871267769050894,0.26475535141183243,119999
-0.24551630719412929,-0.15433798647287864,-0.01427755558833568,0.2046219202044746,1.130947864897847,0.39871267769050894,0.26475535141183243,50000
0.2710606255321224,-0.37499499572479467,0.49380649155519923,0.2046219202044746,0.1567089695935246,0.39871267769050894,0.26475535141183243,40000
0.3145618409195962,0.06631902277903705,-0.776403626303638,-0.7730161429946817,0.1567089695935246,0.39871267769050894,0.26475535141183243,44000
-0.5609001187533145,0.958336719754867,-0.5223616027318706,0.5956771454841371,0.1567089695935246,0.39871267769050894,0.26475535141183243,120000
1.548908827539166,0.14613113250845355,1.2559325622705015,0.5956771454841371,1.130947864897847,0.39871267769050894,0.26475535141183243,55000
1.070395458276954,-0.6660744547379602,-0.5223616027318706,0.9867323707637997,0.1567089695935246,0.39871267769050894,0.26475535141183243,40000
0.7930752101818083,0.009981062970037372,1.001890538698734,0.2046219202044746,1.130947864897847,0.39871267769050894,0.26475535141183243,98000
0.11336871975252977,0.11326732261987041,-1.2844876734471729,-0.968543755634513,0.1567089695935246,0.39871267769050894,0.26475535141183243,130000
0.9725177236551378,-0.5721778550562938,-0.776403626303638,-0.7730161429946817,0.1567089695935246,0.39871267769050894,0.26475535141183243,35000
1.6739748217781532,-0.9149004438943759,-1.0304456498754055,1.3777875960434622,-1.7917688210151204,-1.8621196485545735,-1.2364947730772387,53000
1.456468744840784,-1.0886091533054585,0.7478485151269667,0.5956771454841371,-0.8175299257107979,-1.8621196485545735,-1.2364947730772387,27000
1.1845861486690727,-0.05574655680712921,-0.01427755558833568,-0.7730161429946817,1.130947864897847,-1.8621196485545735,0.26475535141183243,60000
-1.3276090399575406,-0.11208451661612889,-1.0304456498754055,-1.1640713682743442,0.1567089695935246,2.6595450039355915,0.26475535141183243,46000
-0.4630223841314984,2.1602131956801958,-0.776403626303638,-0.3819609177150192,1.130947864897847,0.39871267769050894,1.7660054759009034,160000
-0.9143474937765393,0.03815004287453721,-1.0304456498754055,-0.968543755634513,0.1567089695935246,0.39871267769050894,-1.2364947730772387,45000
-1.599491636129252,-1.4172472521912907,-0.776403626303638,-1.3595989809141755,-1.7917688210151204,-1.8621196485545735,-1.2364947730772387,52000
-0.8545333226187628,0.5076330412828688,-0.5223616027318706,-0.7730161429946817,1.130947864897847,0.39871267769050894,0.26475535141183243,48000
1.195461452515941,-0.008798256966295853,-1.0304456498754055,-0.7730161429946817,1.130947864897847,0.39871267769050894,0.26475535141183243,45000
1.1519602371284674,-1.407857592223124,0.7478485151269667,0.2046219202044746,-1.7917688210151204,-1.8621196485545735,-1.2364947730772387,35000
1.5162829159985607,-1.1825057529871248,0.7478485151269667,0.2046219202044746,-0.8175299257107979,-1.8621196485545735,-1.2364947730772387,45000
-1.2732325207231983,0.3104501819513696,-0.5223616027318706,-0.7730161429946817,1.130947864897847,0.39871267769050894,0.26475535141183243,57000
-0.47389768797836684,-0.8773418040217094,0.49380649155519923,0.5956771454841371,-0.8175299257107979,-1.8621196485545735,-1.2364947730772387,41999
0.7278233871005976,0.6813417506939514,-0.2683195791601031,-0.7730161429946817,1.130947864897847,0.39871267769050894,0.26475535141183243,78000
1.5760970871563371,-0.5721778550562938,-0.01427755558833568,-0.7730161429946817,0.1567089695935246,0.39871267769050894,0.26475535141183243,65000
-0.6587778533751306,-1.051050513432792,1.001890538698734,0.2046219202044746,-0.8175299257107979,0.39871267769050894,0.26475535141183243,45000
0.35806305630707,0.005286232985954065,-0.01427755558833568,0.5956771454841371,1.130947864897847,0.39871267769050894,0.26475535141183243,69000
0.38525131592424117,-1.0792194933372918,-0.2683195791601031,0.2046219202044746,-0.8175299257107979,0.39871267769050894,-1.2364947730772387,35000
1.1573978890519014,-0.5111450652632108,1.001890538698734,0.2046219202044746,0.1567089695935246,0.39871267769050894,-1.2364947730772387,50000
-0.5989636822173541,0.4841588913624522,0.49380649155519923,0.4001495328443059,0.1567089695935246,0.39871267769050894,0.26475535141183243,120000
-1.7680588457557131,-0.7505813944514599,1.2559325622705015,0.5956771454841371,0.1567089695935246,0.39871267769050894,0.26475535141183243,45000
1.331402750601797,-1.3702989523504574,1.2559325622705015,0.5956771454841371,-0.8175299257107979,-1.8621196485545735,-1.2364947730772387,40000
-1.2569195649528957,0.22594324223786977,1.7640166094140364,1.7688428213231246,-0.8175299257107979,0.39871267769050894,0.26475535141183243,55000
0.43419018323514924,-0.6191261548971269,-1.2844876734471729,-0.968543755634513,0.1567089695935246,0.39871267769050894,0.26475535141183243,35000
0.9562047678848351,-0.5721778550562938,-1.0304456498754055,-1.3595989809141755,0.1567089695935246,-1.8621196485545735,0.26475535141183243,26000
-1.5342398130480412,0.9771160396912003,-1.0304456498754055,2.7464808845222812,0.1567089695935246,0.39871267769050894,0.26475535141183243,80000
-1.6158045918995547,0.789322840327868,1.001890538698734,1.5733152086832936,0.1567089695935246,0.39871267769050894,0.26475535141183243,55000
-0.691403764915736,-0.4782812553746274,2.018058632985804,0.5956771454841371,0.1567089695935246,0.39871267769050894,-1.2364947730772387,26000
-1.0557264437858291,0.009981062970037372,-0.2683195791601031,0.9867323707637997,0.1567089695935246,0.39871267769050894,0.26475535141183243,99999
-1.6429928515167258,2.00997863618953,3.796352797988176,2.5509532718824497,1.130947864897847,0.39871267769050894,1.7660054759009034,145000
1.5434711756157318,0.789322840327868,-0.776403626303638,-0.968543755634513,1.130947864897847,0.39871267769050894,1.7660054759009034,98000
-0.5282742072127091,0.1789949423970367,-0.776403626303638,-0.7730161429946817,0.1567089695935246,0.39871267769050894,0.26475535141183243,75000
0.8855152928801902,-0.9571539137511257,-0.2683195791601031,0.2046219202044746,-0.8175299257107979,-1.8621196485545735,-1.2364947730772387,43500
0.2819359293789908,-0.4876709153427943,-1.0304456498754055,0.2046219202044746,0.1567089695935246,0.39871267769050894,0.26475535141183243,43000
-0.20745274373008968,-1.1825057529871248,2.018058632985804,0.5956771454841371,-1.7917688210151204,-1.8621196485545735,-1.2364947730772387,43000
0.49944200631635993,-1.0886091533054585,-0.2683195791601031,-0.7730161429946817,0.1567089695935246,0.39871267769050894,0.26475535141183243,28000
0.3526254043836358,2.2681942853141126,-0.5223616027318706,-0.7730161429946817,1.130947864897847,0.39871267769050894,4.768505724879045,120000
0.9344541601910982,1.211857538895366,1.509974585842269,2.7464808845222812,1.130947864897847,0.39871267769050894,0.26475535141183243,110000
-1.0339758360920923,1.3480076084337826,-1.0304456498754055,-0.18643330507518793,0.1567089695935246,0.39871267769050894,0.26475535141183243,80000
-1.4526750341965278,-0.14964315648879534,-0.2683195791601031,-0.7730161429946817,0.1567089695935246,0.39871267769050894,0.26475535141183243,45000
0.787637558258374,0.6954262406462013,-0.776403626303638,-0.968543755634513,1.130947864897847,0.39871267769050894,0.26475535141183243,98000
-1.0883523553264347,-0.4641967654223775,-0.01427755558833568,-0.7730161429946817,0.1567089695935246,0.39871267769050894,0.26475535141183243,38000
1.6359112583141135,-0.10269485664796228,-0.01427755558833568,-0.7730161429946817,-0.8175299257107979,0.39871267769050894,0.26475535141183243,75000
1.0540825025066511,-0.6097364949289602,0.23976446798343176,-0.18643330507518793,0.1567089695935246,-1.8621196485545735,0.26475535141183243,35000
-1.4417997303496595,-1.5111438518729572,-0.2683195791601031,-0.7730161429946817,-1.7917688210151204,-1.8621196485545735,-1.2364947730772387,27500
-1.7136823265213708,0.789322840327868,1.001890538698734,1.5733152086832936,0.1567089695935246,0.39871267769050894,0.26475535141183243,55000
-0.930660449546842,-0.8397831641490429,1.001890538698734,1.964370433962956,-1.7917688210151204,0.39871267769050894,-1.2364947730772387,50000
-1.5723033765120809,2.014673466173613,3.796352797988176,2.5509532718824497,2.1051867602021694,0.39871267769050894,3.267255600389974,145000
0.9018282486504928,1.817490606842114,-0.2683195791601031,0.7912047581239684,0.1567089695935246,0.39871267769050894,0.26475535141183243,110000
0.2873735813024251,0.8550504601050343,-0.5223616027318706,0.5956771454841371,0.1567089695935246,0.39871267769050894,0.26475535141183243,63000
-0.7620932399203809,-0.4876709153427943,-0.776403626303638,0.2046219202044746,0.1567089695935246,0.39871267769050894,0.26475535141183243,42000
-0.6044013341407883,0.13204664255620363,-0.5223616027318706,-1.3595989809141755,1.130947864897847,0.39871267769050894,0.26475535141183243,52000
-1.5070515534308702,-1.0886091533054585,-1.0304456498754055,-1.5551265935540068,-0.8175299257107979,0.39871267769050894,-1.2364947730772387,32500
0.05899220051818749,-0.5299243851995441,0.23976446798343176,0.2046219202044746,0.1567089695935246,0.39871267769050894,-1.2364947730772387,40000
-0.16938918026605007,0.05692936281087044,1.001890538698734,0.2046219202044746,1.130947864897847,-1.8621196485545735,-1.2364947730772387,65000
-0.41408351682059036,1.6250025774946977,0.49380649155519923,1.5733152086832936,0.1567089695935246,0.39871267769050894,0.26475535141183243,60000
0.7332610390240317,-0.31396220593171137,0.23976446798343176,-0.7730161429946817,-0.8175299257107979,0.39871267769050894,-1.2364947730772387,59500
0.7006351274834264,-0.1918966263455451,-1.2844876734471729,-0.7730161429946817,-1.7917688210151204,2.6595450039355915,1.7660054759009034,50000
1.717476037165627,-1.051050513432792,1.7640166094140364,0.5956771454841371,-1.7917688210151204,-1.8621196485545735,-1.2364947730772387,45000
-0.3162057821987742,-0.262319076106795,0.49380649155519923,1.5733152086832936,0.1567089695935246,0.39871267769050894,0.26475535141183243,60000
-0.6859661129923017,-0.16842247642512856,0.7478485151269667,-0.3819609177150192,-0.8175299257107979,0.39871267769050894,0.26475535141183243,65999
-0.9034721899296708,-1.2717075226847079,2.018058632985804,0.5956771454841371,-1.7917688210151204,-1.8621196485545735,-1.2364947730772387,43000
1.2444003198268492,1.4935473379403652,-0.2683195791601031,0.2046219202044746,1.130947864897847,0.39871267769050894,0.26475535141183243,138888
0.4070019236179781,0.9489470597867005,-1.0304456498754055,2.7464808845222812,0.1567089695935246,0.39871267769050894,0.26475535141183243,80000
0.8148258178755452,-0.4078588056133778,-0.2683195791601031,0.2046219202044746,-0.8175299257107979,0.39871267769050894,0.26475535141183243,45000
-1.2134183495654218,0.3292295018877028,-0.776403626303638,-0.968543755634513,1.130947864897847,0.39871267769050894,1.7660054759009034,98000
1.2987768390611916,0.009981062970037372,1.001890538698734,0.2046219202044746,1.130947864897847,0.39871267769050894,0.26475535141183243,98000
0.34175010053676735,-0.36091050577254474,-0.2683195791601031,-0.7730161429946817,-0.8175299257107979,0.39871267769050894,0.26475535141183243,37000
-1.7843718015260157,0.789322840327868,-0.2683195791601031,-0.7730161429946817,1.130947864897847,0.39871267769050894,0.26475535141183243,78000
1.4945323083048236,-0.23884492618637845,-0.2683195791601031,1.5733152086832936,-0.8175299257107979,0.39871267769050894,0.26475535141183243,69999
1.2770262313674545,-0.15433798647287864,-0.776403626303638,-0.7730161429946817,0.1567089695935246,0.39871267769050894,0.26475535141183243,45000
-1.3547972995747117,0.028760382906370598,-0.2683195791601031,-0.7730161429946817,1.130947864897847,0.39871267769050894,0.26475535141183243,48800
-0.6642155052985649,0.789322840327868,-1.0304456498754055,0.4001495328443059,-1.7917688210151204,0.39871267769050894,0.26475535141183243,58000
-1.6049292880526862,-0.8914262939739593,-0.2683195791601031,0.2046219202044746,-0.8175299257107979,0.39871267769050894,-1.2364947730772387,46000
0.9888306794254405,-1.3139609925414577,-0.2683195791601031,0.009094307564643331,-0.8175299257107979,-1.8621196485545735,-1.2364947730772387,28500
0.548380873627268,2.178992515616529,-0.01427755558833568,-0.7730161429946817,0.1567089695935246,0.39871267769050894,0.26475535141183243,168000
0.6951974755599921,-1.168421263034875,0.49380649155519923,0.009094307564643331,0.1567089695935246,0.39871267769050894,0.26475535141183243,36000
0.2166841062977801,-0.02757757690262908,-0.5223616027318706,-0.7730161429946817,-0.8175299257107979,0.39871267769050894,0.26475535141183243,88000
-1.2949831284169353,0.6954262406462013,-0.2683195791601031,-0.7730161429946817,1.130947864897847,0.39871267769050894,0.26475535141183243,70000
0.06986750436505594,-0.02757757690262908,-1.0304456498754055,-0.968543755634513,0.1567089695935246,0.39871267769050894,0.26475535141183243,68000
1.2933391871377573,0.554581341123702,0.7478485151269667,0.2046219202044746,1.130947864897847,0.39871267769050894,0.26475535141183243,90000
0.10249341590566131,-1.539312831777457,-0.5223616027318706,-0.7730161429946817,-1.7917688210151204,-1.8621196485545735,-1.2364947730772387,24888
-0.46846003605493264,-0.018187916934462468,1.2559325622705015,0.009094307564643331,1.130947864897847,0.39871267769050894,1.7660054759009034,60000
-1.719119978444805,-0.947764253782959,-0.5223616027318706,0.4001495328443059,-0.8175299257107979,0.39871267769050894,-1.2364947730772387,48000
-0.060636141797365525,0.21655358226970314,1.7640166094140364,1.964370433962956,-0.8175299257107979,0.39871267769050894,0.26475535141183243,55000
1.4890946563813894,-0.5393140451677106,-0.5223616027318706,-1.1640713682743442,0.1567089695935246,0.39871267769050894,0.26475535141183243,26000
0.3308747966898989,-0.8491728241172095,0.49380649155519923,0.5956771454841371,-0.8175299257107979,0.39871267769050894,-1.2364947730772387,38000
-0.29445517450503733,-1.3233506525096244,0.23976446798343176,0.2046219202044746,-1.7917688210151204,-1.8621196485545735,-1.2364947730772387,17000
-0.8762839303124997,0.46537957142611897,-1.0304456498754055,0.5956771454841371,1.130947864897847,0.39871267769050894,0.26475535141183243,100000
1.7011630813953242,1.728288837144531,-0.2683195791601031,0.2046219202044746,1.130947864897847,0.39871267769050894,0.26475535141183243,138888
0.858327033263019,-0.09330519667979567,-0.01427755558833568,-0.7730161429946817,-0.8175299257107979,0.39871267769050894,0.26475535141183243,80000
1.646786562160982,-0.29048805601129485,1.509974585842269,0.2046219202044746,0.1567089695935246,0.39871267769050894,0.26475535141183243,45000
0.9670800717317035,-0.7271072445310433,0.49380649155519923,0.5956771454841371,-0.8175299257107979,0.39871267769050894,-1.2364947730772387,28000
-0.45758473220806417,0.4794640613783689,3.796352797988176,3.1375361098019434,1.130947864897847,0.39871267769050894,0.26475535141183243,57000
1.3042144909846256,1.1179609392137,-1.2844876734471729,-0.7730161429946817,2.1051867602021694,2.6595450039355915,1.7660054759009034,60000
1.2824638832908888,-1.0886091533054585,-0.2683195791601031,-1.1640713682743442,-0.8175299257107979,0.39871267769050894,-1.2364947730772387,22000
-0.7512179360735125,0.3996519516489527,-1.0304456498754055,0.4001495328443059,-1.7917688210151204,-4.122951974799656,-1.2364947730772387,67000
0.8093881659521109,0.1789949423970367,1.001890538698734,0.2046219202044746,-0.8175299257107979,-1.8621196485545735,0.26475535141183243,45000
0.999705983272309,0.8362711401687011,0.7478485151269667,0.7912047581239684,1.130947864897847,0.39871267769050894,0.26475535141183243,110000
-1.4744256418902648,-1.1825057529871248,-1.0304456498754055,-0.968543755634513,-0.8175299257107979,0.39871267769050894,-1.2364947730772387,29032
0.8039505140286767,0.05692936281087044,-0.5223616027318706,0.7912047581239684,0.1567089695935246,0.39871267769050894,0.26475535141183243,100000
1.2715885794440203,-0.14964315648879534,1.2559325622705015,0.2046219202044746,-0.8175299257107979,0.39871267769050894,0.26475535141183243,38000
-0.4086458648971561,0.7189003905666178,1.001890538698734,1.182259983403631,-0.8175299257107979,0.39871267769050894,0.26475535141183243,68000
-1.6756187630573312,1.6250025774946977,-0.01427755558833568,1.5733152086832936,0.1567089695935246,0.39871267769050894,0.26475535141183243,100000
-0.07151144564423398,-0.16842247642512856,-0.776403626303638,-1.3595989809141755,1.130947864897847,0.39871267769050894,0.26475535141183243,39999
0.7223857351771633,-0.43602778551787763,0.23976446798343176,-0.7730161429946817,-0.8175299257107979,0.39871267769050894,-1.2364947730772387,57000
-0.9089098418531051,-0.06513621677529582,-1.2844876734471729,-0.7730161429946817,0.1567089695935246,0.39871267769050894,1.7660054759009034,68000
-0.27814221873473466,-0.38438465569296126,-0.2683195791601031,-0.7730161429946817,-0.8175299257107979,0.39871267769050894,0.26475535141183243,37000
-0.740342632226644,-1.2341488828120413,-1.0304456498754055,-0.3819609177150192,-1.7917688210151204,-1.8621196485545735,-1.2364947730772387,38000
0.3199994928430304,1.0240643395320332,0.23976446798343176,0.7912047581239684,1.130947864897847,0.39871267769050894,0.26475535141183243,70000
0.4722537466991888,-0.008798256966295853,-1.0304456498754055,0.2046219202044746,-0.8175299257107979,0.39871267769050894,-1.2364947730772387,58000
0.8963905967270586,-0.05574655680712921,-1.2844876734471729,-1.3595989809141755,1.130947864897847,0.39871267769050894,1.7660054759009034,150000
0.09161811205879286,-0.060441386791212526,-0.776403626303638,0.2046219202044746,-0.8175299257107979,-1.8621196485545735,0.26475535141183243,59888
-0.09869970526140512,-0.3515208458043781,-0.776403626303638,0.5956771454841371,-0.8175299257107979,0.39871267769050894,-1.2364947730772387,42000
-1.0774770514795662,-0.008798256966295853,-0.01427755558833568,0.2046219202044746,0.1567089695935246,0.39871267769050894,0.26475535141183243,75000
-1.2514819130294614,0.6954262406462013,-0.2683195791601031,-0.7730161429946817,1.130947864897847,0.39871267769050894,0.26475535141183243,70000
0.24931001783838547,-1.1590316030667083,0.7478485151269667,0.2046219202044746,-0.8175299257107979,0.39871267769050894,-1.2364947730772387,46000
-1.3167337361106721,0.3198398419195362,0.23976446798343176,0.2046219202044746,1.130947864897847,0.39871267769050894,0.26475535141183243,60000
0.716948083253729,-0.02757757690262908,-0.01427755558833568,-0.7730161429946817,1.130947864897847,0.39871267769050894,0.26475535141183243,50000
0.020928637054147894,-0.05574655680712921,-1.0304456498754055,-0.7730161429946817,-0.8175299257107979,0.39871267769050894,0.26475535141183243,48800
-0.6152766379876567,-0.22476043623412853,-0.5223616027318706,0.009094307564643331,0.1567089695935246,0.39871267769050894,0.26475535141183243,50000
0.7604492986412029,-0.22476043623412853,-0.5223616027318706,0.009094307564643331,1.130947864897847,0.39871267769050894,0.26475535141183243,50000
-1.126415918790474,-0.3374363558521279,1.001890538698734,0.2046219202044746,0.1567089695935246,0.39871267769050894,0.26475535141183243,53000
1.5652217833094686,-1.0886091533054585,0.49380649155519923,0.5956771454841371,-1.7917688210151204,-1.8621196485545735,-1.2364947730772387,36000
-1.6810564149807654,1.2588058387361993,3.288268750844641,1.964370433962956,2.1051867602021694,2.6595450039355915,3.267255600389974,140000
-1.4037361668856199,-0.33274152586804456,-0.01427755558833568,0.2046219202044746,0.1567089695935246,0.39871267769050894,0.26475535141183243,41000
-1.2079806976419876,2.1977718355528624,1.509974585842269,0.2046219202044746,2.1051867602021694,2.6595450039355915,1.7660054759009034,80000
-0.31076813027534,-0.22476043623412853,-0.5223616027318706,0.009094307564643331,1.130947864897847,0.39871267769050894,0.26475535141183243,49999
0.5918820890147418,1.9442510164123636,-0.5223616027318706,0.009094307564643331,0.1567089695935246,0.39871267769050894,0.26475535141183243,185000
-1.2297313053357246,1.8503544167306971,-1.0304456498754055,2.7464808845222812,1.130947864897847,0.39871267769050894,0.26475535141183243,95000
